name,datetime,status
bew,11/17/2025 22:21,check-in
tle,11/17/2025 22:21,check-in
mas,11/17/2025 22:22,check-in
non,11/17/2025 22:22,check-in
246,2025-11-18 09:17:56,check-in
bew,2025-11-18 09:17:59,check-in
246,2025-11-18 09:47:12,check-in
bew,2025-11-18 09:47:13,check-in
246,2025-11-18 09:47:27,check-in
bew,2025-11-18 09:47:32,check-in
246,2025-11-18 09:48:21,check-in
bew,2025-11-18 09:48:22,check-in
mas,2025-11-18 09:50:37,check-in
246,2025-11-18 09:57:19,check-in
246,2025-11-18 09:57:29,check-in
246,2025-11-18 09:59:11,check-in
bew,2025-11-18 09:59:23,check-in
246,2025-11-18 10:03:44,check-in
bew,2025-11-18 10:03:44,check-in
246,2025-11-18 10:04:00,check-in
246,2025-11-18 10:04:02,check-in
246,2025-11-18 10:04:15,check-in
bew,2025-11-18 10:04:23,check-in
non,2025-11-18 10:04:28,check-in
246,2025-11-18 10:05:06,check-in
bew,2025-11-18 10:05:06,check-in
246,2025-11-18 10:06:07,check-in
bew,2025-11-18 10:06:22,check-in
mas,2025-11-18 10:07:00,check-in
tle,2025-11-18 10:07:11,check-in
bew,2025-11-18 11:19:00,check-in
bew,2025-11-18 11:19:15,check-in
246,2025-11-18 11:19:16,check-in
tle,2025-11-18 11:19:31,check-in
mas,2025-11-18 11:19:32,check-in
246,2025-11-18 11:21:55,check-in
bew,2025-11-18 11:21:59,check-in
234,2025-11-18 11:22:08,check-in
tle,2025-11-18 11:22:46,check-in
bew,2025-11-18 11:24:24,check-in
234,2025-11-18 11:24:24,check-in
246,2025-11-18 11:24:25,check-in
tle,2025-11-18 11:24:43,check-in
bew,2025-11-18 11:25:31,check-in
246,2025-11-18 11:25:31,check-in
246,2025-11-18 11:31:10,check-in
234,2025-11-18 11:31:10,check-in
246,2025-11-18 11:31:17,check-in
bew,2025-11-18 11:31:24,check-in
non,2025-11-18 11:31:27,check-in
mas,2025-11-18 11:31:27,check-in
234,2025-11-18 11:31:30,check-in
246,2025-11-18 11:32:38,check-in
234,2025-11-18 11:32:38,check-in
bew,2025-11-18 11:32:46,check-in
246,2025-11-18 11:32:46,check-in
234,2025-11-18 11:33:01,check-in
mas,2025-11-18 11:33:12,check-in
tle,2025-11-18 11:33:17,check-in
234,2025-11-18 11:53:55,check-in
bew,2025-11-18 11:53:55,check-in
246,2025-11-18 11:53:56,check-in
mas,2025-11-18 11:54:04,check-in
234,2025-11-18 11:55:57,check-in
246,2025-11-18 11:55:57,check-in
bew,2025-11-18 11:56:04,check-in
tle,2025-11-18 11:56:12,check-in
234,2025-11-18 13:13:07,check-in
246,2025-11-18 13:13:09,check-in
bew,2025-11-18 13:15:10,check-in
246,2025-11-18 13:15:10,check-in
234,2025-11-18 13:15:10,check-in
bew,2025-11-18 13:16:49,check-in
234,2025-11-18 13:16:50,check-in
246,2025-11-18 13:16:51,check-in
tle,2025-11-18 13:16:53,check-in
234,2025-11-18 13:17:22,check-in
bew,2025-11-18 13:17:22,check-in
246,2025-11-18 13:17:24,check-in
tttt,2025-11-18 13:17:55,check-in
mas,2025-11-18 13:17:59,check-in
tle,2025-11-18 13:18:15,check-in
mas,2025-11-18 13:19:33,check-in
tle,2025-11-18 13:19:33,check-in
bew,2025-11-18 13:19:34,check-in
246,2025-11-18 13:19:38,check-in
234,2025-11-18 13:20:00,check-in
246,2025-11-18 13:23:04,check-in
234,2025-11-18 13:23:04,check-in
bew,2025-11-18 13:23:04,check-in
nnn,2025-11-18 13:23:04,check-in
tle,2025-11-18 13:23:48,check-in
bew,2025-12-08 14:06:03,check-in
246,2025-12-08 14:06:03,check-in
nnn,2025-12-08 14:06:04,check-in
246,2025-12-08 14:08:03,check-in
nnn,2025-12-08 14:08:04,check-in
bew,2025-12-08 14:08:06,check-in
246,2025-12-08 14:13:47,check-in
nnn,2025-12-08 14:13:47,check-in
bew,2025-12-08 14:13:48,check-in
246,2025-12-08 14:14:26,check-in
bew,2025-12-08 14:14:29,check-in
246,2025-12-08 14:14:30,check-in
nnn,2025-12-08 14:14:30,check-in
234,2025-12-08 14:14:39,check-in
nnn,2025-12-08 14:17:23,check-in
bew,2025-12-08 14:17:24,check-in
246,2025-12-08 14:17:26,check-in
nnn,2025-12-08 14:20:17,check-in
bew,2025-12-08 14:34:02,check-in
246,2025-12-08 14:34:02,check-in
nnn,2025-12-08 14:34:03,check-in
bew,2025-12-08 14:39:19,check-in
nnn,2025-12-08 14:39:19,check-in
246,2025-12-08 14:39:21,check-in
toona,2025-12-08 14:39:26,check-in
234,2025-12-08 14:39:30,check-in
bew,2025-12-08 14:39:43,check-in
nnn,2025-12-08 14:39:44,check-in
246,2025-12-08 14:39:44,check-in
234,2025-12-08 14:39:58,check-in
mas,2025-12-08 14:40:35,check-in
246,2025-12-08 21:14:40,check-in
bew,2025-12-08 21:14:41,check-in
nnn,2025-12-08 21:14:41,check-in
mas,2025-12-08 21:14:41,check-in
nnn,2025-12-08 21:15:32,check-in
246,2025-12-08 21:15:32,check-in
234,2025-12-08 21:15:32,check-in
bew,2025-12-08 21:16:02,check-in
246,2025-12-08 21:16:07,check-in
nnn,2025-12-08 21:16:09,check-in
bew,2025-12-08 21:16:17,check-in
246,2025-12-08 21:32:10,check-in
nnn,2025-12-08 21:32:11,check-in
bew,2025-12-08 21:32:11,check-in
246,2025-12-08 21:32:38,check-in
bew,2025-12-08 21:32:39,check-in
nnn,2025-12-08 21:32:39,check-in
246,2025-12-08 21:32:57,check-in
nnn,2025-12-08 21:32:57,check-in
bew,2025-12-08 21:33:30,check-in
234,2025-12-08 21:33:35,check-in
246,2025-12-08 21:34:11,check-in
nnn,2025-12-08 21:34:12,check-in
246,2025-12-08 21:44:19,check-in
bew,2025-12-08 21:44:19,check-in
234,2025-12-08 21:44:19,check-in
nnn,2025-12-08 21:44:19,check-in
nnn,2025-12-08 21:45:09,check-in
246,2025-12-08 21:45:11,check-in
234,2025-12-08 21:45:11,check-in
246,2025-12-08 21:45:46,check-in
bew,2025-12-08 21:45:46,check-in
234,2025-12-08 21:45:50,check-in
246,2025-12-08 21:47:34,check-in
bew,2025-12-08 21:47:35,check-in
mas,2025-12-08 21:47:38,check-in
TiTle,2025-12-08 21:49:56,check-in
246,2025-12-08 21:49:57,check-in
bew,2025-12-08 21:49:58,check-in
mas,2025-12-08 21:50:02,check-in
bew,2025-12-08 21:50:52,check-in
TiTle,2025-12-08 21:50:52,check-in
mas,2025-12-08 21:50:52,check-in
TiTle,2025-12-08 21:51:27,check-in
bew,2025-12-08 21:51:31,check-in
TiTle,2025-12-08 21:51:38,check-in
bew,2025-12-08 21:51:39,check-in
non,2025-12-08 21:51:41,check-in
mas,2025-12-08 21:51:41,check-in
bew,2025-12-09 08:53:50,check-in
TiTle,2025-12-09 08:53:50,check-in
234,2025-12-09 08:53:55,check-in
bew,2025-12-09 08:54:37,check-in
TiTle,2025-12-09 08:54:37,check-in
234,2025-12-09 08:54:38,check-in
bew,2025-12-09 08:55:25,check-in
234,2025-12-09 08:55:25,check-in
non,2025-12-09 08:55:29,check-in
bew,2025-12-09 08:55:46,check-in
234,2025-12-09 08:55:47,check-in
246,2025-12-09 08:56:59,check-in
bew,2025-12-09 08:57:00,check-in
non,2025-12-09 08:57:21,check-in
234,2025-12-09 08:57:49,check-in
246,2025-12-09 08:58:25,check-in
bew,2025-12-09 08:58:30,check-in
234,2025-12-09 08:58:36,check-in
246,2025-12-09 08:59:22,check-in
bew,2025-12-09 08:59:26,check-in
non,2025-12-09 08:59:29,check-in
mas,2025-12-09 08:59:47,check-in
234,2025-12-09 08:59:50,check-in
